type,id,username,passwordHash,phoneNumber,failedLoginAttempts,locked,fullName,address,vatNumber,businessName,adminLevel
ADMIN,ADM000001,admin,m4dppKdClZotApjDb7cGI/LfrNqENiN98I2N/Vs3N0w=,6900000000,0,false,,,,,1
ADMIN,ADM000002,sysadmin,m4dppKdClZotApjDb7cGI/LfrNqENiN98I2N/Vs3N0w=,6900000001,0,false,,,,,1
INDIVIDUAL,IND000003,ngioldasis,m4dppKdClZotApjDb7cGI/LfrNqENiN98I2N/Vs3N0w=,6901000001,0,false,ΝΕΚΤΑΡΙΟΣ ΓΙΟΛΔΑΣΗΣ,"Λεωφ. Βουλιαγμένης 192, Ιωάννινα",067688302,,
INDIVIDUAL,IND000004,pappas,m4dppKdClZotApjDb7cGI/LfrNqENiN98I2N/Vs3N0w=,6901000002,0,false,ΝΙΚΟΣ ΠΑΠΠΑΣ,"Λεωφ. Βουλιαγμένης 125, Βόλος",067688303,,
INDIVIDUAL,IND000005,gchalkiadakis,m4dppKdClZotApjDb7cGI/LfrNqENiN98I2N/Vs3N0w=,6901000003,0,false,ΓΙΩΡΓΟΣ ΧΑΛΚΙΑΔΑΚΗΣ,"Λεωφ. Αλεξάνδρας 183, Θεσσαλονίκη",067688304,,
INDIVIDUAL,IND000006,mteranova,m4dppKdClZotApjDb7cGI/LfrNqENiN98I2N/Vs3N0w=,6901000004,0,false,ΜΑΡΙΑ ΤΕΡΑΝΟΒΑ,"Λεωφ. Κηφισίας 132, Ηράκλειο",067688305,,
INDIVIDUAL,IND000007,skarakosta,m4dppKdClZotApjDb7cGI/LfrNqENiN98I2N/Vs3N0w=,6901000005,0,false,ΣΟΦΙΑ ΚΑΡΑΚΩΣΤΑ,"Λεωφ. Βουλιαγμένης 94, Βόλος",067688306,,
INDIVIDUAL,IND000008,edimitriou,m4dppKdClZotApjDb7cGI/LfrNqENiN98I2N/Vs3N0w=,6901000006,0,false,ΕΛΕΝΗ ΔΗΜΗΤΡΙΟΥ,"Οδός Ακαδημίας 70, Χανιά",067688307,,
INDIVIDUAL,IND000009,kpapadopoulos,m4dppKdClZotApjDb7cGI/LfrNqENiN98I2N/Vs3N0w=,6901000007,0,false,ΚΩΣΤΑΣ ΠΑΠΑΔΟΠΟΥΛΟΣ,"Λεωφ. Αλεξάνδρας 124, Ηράκλειο",067688308,,
INDIVIDUAL,IND000010,anikolaou,m4dppKdClZotApjDb7cGI/LfrNqENiN98I2N/Vs3N0w=,6901000008,0,false,ΑΝΝΑ ΝΙΚΟΛΑΟΥ,"Οδός Πατησίων 52, Ιωάννινα",067688309,,
INDIVIDUAL,IND000011,dathanasiou,m4dppKdClZotApjDb7cGI/LfrNqENiN98I2N/Vs3N0w=,6901000009,0,false,ΔΗΜΗΤΡΗΣ ΑΘΑΝΑΣΙΟΥ,"Οδός Ακαδημίας 3, Ιωάννινα",067688310,,
INDIVIDUAL,IND000012,ikonstantinou,m4dppKdClZotApjDb7cGI/LfrNqENiN98I2N/Vs3N0w=,6901000010,0,false,ΙΩΑΝΝΑ ΚΩΝΣΤΑΝΤΙΝΟΥ,"Οδός Ακαδημίας 76, Χανιά",067688311,,
INDIVIDUAL,IND000013,pgeorgiou,m4dppKdClZotApjDb7cGI/LfrNqENiN98I2N/Vs3N0w=,6901000011,0,false,ΠΕΤΡΟΣ ΓΕΩΡΓΙΟΥ,"Οδός Ακαδημίας 129, Αθήνα",067688312,,
INDIVIDUAL,IND000014,cvasileiou,m4dppKdClZotApjDb7cGI/LfrNqENiN98I2N/Vs3N0w=,6901000012,0,false,ΧΡΙΣΤΙΝΑ ΒΑΣΙΛΕΙΟΥ,"Οδός Ακαδημίας 184, Θεσσαλονίκη",067688313,,
INDIVIDUAL,IND000015,amichail,m4dppKdClZotApjDb7cGI/LfrNqENiN98I2N/Vs3N0w=,6901000013,0,false,ΑΛΕΞΑΝΔΡΟΣ ΜΙΧΑΗΛ,"Λεωφ. Κηφισίας 179, Αθήνα",067688314,,
INDIVIDUAL,IND000016,kstavrou,m4dppKdClZotApjDb7cGI/LfrNqENiN98I2N/Vs3N0w=,6901000014,0,false,ΚΑΤΕΡΙΝΑ ΣΤΑΥΡΟΥ,"Οδός Σταδίου 197, Ηράκλειο",067688315,,
INDIVIDUAL,IND000017,tpantelis,m4dppKdClZotApjDb7cGI/LfrNqENiN98I2N/Vs3N0w=,6901000015,0,false,ΘΑΝΑΣΗΣ ΠΑΝΤΕΛΗΣ,"Οδός Πατησίων 132, Ηράκλειο",067688316,,
INDIVIDUAL,IND000018,mlouka,m4dppKdClZotApjDb7cGI/LfrNqENiN98I2N/Vs3N0w=,6901000016,0,false,ΜΑΡΙΑΝΝΑ ΛΟΥΚΑ,"Λεωφ. Βουλιαγμένης 124, Λάρισα",067688317,,
INDIVIDUAL,IND000019,santoniou,m4dppKdClZotApjDb7cGI/LfrNqENiN98I2N/Vs3N0w=,6901000017,0,false,ΣΤΕΛΙΟΣ ΑΝΤΩΝΙΟΥ,"Οδός Πατησίων 116, Βόλος",067688318,,
INDIVIDUAL,IND000020,vchristou,m4dppKdClZotApjDb7cGI/LfrNqENiN98I2N/Vs3N0w=,6901000018,0,false,ΒΑΣΙΛΙΚΗ ΧΡΙΣΤΟΥ,"Λεωφ. Αλεξάνδρας 125, Πάτρα",067688319,,
BUSINESS,BUS000021,vodafone,m4dppKdClZotApjDb7cGI/LfrNqENiN98I2N/Vs3N0w=,6902000001,0,false,,,090800700,VODAFONE GR,
BUSINESS,BUS000022,cosmote,m4dppKdClZotApjDb7cGI/LfrNqENiN98I2N/Vs3N0w=,6902000002,0,false,,,090800800,COSMOTE,
BUSINESS,BUS000023,dei,m4dppKdClZotApjDb7cGI/LfrNqENiN98I2N/Vs3N0w=,6902000003,0,false,,,090800900,ΔΕΗ,
BUSINESS,BUS000024,nova,m4dppKdClZotApjDb7cGI/LfrNqENiN98I2N/Vs3N0w=,6902000004,0,false,,,090800600,NOVA,
BUSINESS,BUS000025,ote,m4dppKdClZotApjDb7cGI/LfrNqENiN98I2N/Vs3N0w=,6902000005,0,false,,,090800500,OTE,
BUSINESS,BUS000026,wind,m4dppKdClZotApjDb7cGI/LfrNqENiN98I2N/Vs3N0w=,6902000006,0,false,,,090800400,WIND,
BUSINESS,BUS000027,eydap,m4dppKdClZotApjDb7cGI/LfrNqENiN98I2N/Vs3N0w=,6902000007,0,false,,,090800300,ΕΥΔΑΠ,
BUSINESS,BUS000028,deddie,m4dppKdClZotApjDb7cGI/LfrNqENiN98I2N/Vs3N0w=,6902000008,0,false,,,090800200,ΔΕΔΔΗΕ,
